rd,prime,buffer_from,buffer_to,packet_id,injection_rd
1,0,8,9,-1,-1
1,0,7,8,-1,-1
1,0,6,7,2,1
1,0,5,6,5,1
1,0,4,5,1,1
1,0,3,4,-1,-1
1,0,2,3,-1,-1
1,0,1,2,3,1
1,0,0,1,4,1
1,0,0,-1,0,1
1,1,8,9,-1,-1
1,1,7,8,5,1
1,1,6,7,2,1
1,1,5,6,1,1
1,1,4,5,-1,-1
1,1,3,4,-1,-1
1,1,2,3,4,1
1,1,1,2,3,1
1,1,0,1,0,1
2,0,8,9,-1,-1
2,0,7,8,5,1
2,0,6,7,2,1
2,0,5,6,1,1
2,0,4,5,-1,-1
2,0,3,4,-1,-1
2,0,2,3,4,1
2,0,1,2,3,1
2,0,0,1,0,1
2,1,8,9,5,1
2,1,7,8,2,1
2,1,6,7,1,1
2,1,5,6,-1,-1
2,1,4,5,-1,-1
2,1,3,4,4,1
2,1,2,3,3,1
2,1,1,2,0,1
2,1,0,1,-1,-1
3,0,8,9,5,1
3,0,7,8,2,1
3,0,6,7,1,1
3,0,5,6,-1,-1
3,0,4,5,-1,-1
3,0,3,4,4,1
3,0,2,3,3,1
3,0,1,2,0,1
3,0,0,1,-1,-1
3,1,8,9,2,1
3,1,7,8,1,1
3,1,6,7,-1,-1
3,1,5,6,-1,-1
3,1,4,5,4,1
3,1,3,4,3,1
3,1,2,3,0,1
3,1,1,2,-1,-1
3,1,0,1,-1,-1
4,0,8,9,2,1
4,0,7,8,1,1
4,0,6,7,7,4
4,0,5,6,-1,-1
4,0,4,5,4,1
4,0,3,4,3,1
4,0,2,3,0,1
4,0,1,2,-1,-1
4,0,0,1,6,4
4,0,0,-1,8,4
4,1,8,9,1,1
4,1,7,8,7,4
4,1,6,7,-1,-1
4,1,5,6,4,1
4,1,4,5,3,1
4,1,3,4,0,1
4,1,2,3,-1,-1
4,1,1,2,8,4
4,1,0,1,6,4
5,0,8,9,1,1
5,0,7,8,7,4
5,0,6,7,11,5
5,0,5,6,4,1
5,0,4,5,3,1
5,0,3,4,0,1
5,0,2,3,10,5
5,0,1,2,8,4
5,0,0,1,6,4
5,0,0,-1,13,5
5,0,-1,-2,12,5
5,0,-2,-3,9,5
5,1,8,9,7,4
5,1,7,8,11,5
5,1,6,7,4,1
5,1,5,6,3,1
5,1,4,5,0,1
5,1,3,4,10,5
5,1,2,3,8,4
5,1,1,2,6,4
5,1,0,1,13,5
5,1,0,-1,12,5
5,1,-1,-2,9,5
6,0,8,9,7,4
6,0,7,8,11,5
6,0,6,7,4,1
6,0,5,6,3,1
6,0,4,5,0,1
6,0,3,4,10,5
6,0,2,3,8,4
6,0,1,2,6,4
6,0,0,1,13,5
6,0,0,-1,12,5
6,0,-1,-2,9,5
6,1,8,9,11,5
6,1,7,8,4,1
6,1,6,7,3,1
6,1,5,6,0,1
6,1,4,5,13,5
6,1,3,4,8,4
6,1,2,3,6,4
6,1,1,2,10,5
6,1,0,1,12,5
6,1,0,-1,9,5
7,0,8,9,11,5
7,0,7,8,4,1
7,0,6,7,3,1
7,0,5,6,0,1
7,0,4,5,13,5
7,0,3,4,8,4
7,0,2,3,6,4
7,0,1,2,10,5
7,0,0,1,12,5
7,0,0,-1,9,5
7,0,-1,-2,15,7
7,0,-2,-3,14,7
7,1,8,9,4,1
7,1,7,8,3,1
7,1,6,7,0,1
7,1,5,6,10,5
7,1,4,5,8,4
7,1,3,4,6,4
7,1,2,3,13,5
7,1,1,2,9,5
7,1,0,1,12,5
7,1,0,-1,15,7
7,1,-1,-2,14,7
8,0,8,9,4,1
8,0,7,8,3,1
8,0,6,7,0,1
8,0,5,6,10,5
8,0,4,5,8,4
8,0,3,4,6,4
8,0,2,3,13,5
8,0,1,2,9,5
8,0,0,1,12,5
8,0,0,-1,15,7
8,0,-1,-2,14,7
8,1,8,9,3,1
8,1,7,8,0,1
8,1,6,7,10,5
8,1,5,6,8,4
8,1,4,5,6,4
8,1,3,4,13,5
8,1,2,3,9,5
8,1,1,2,12,5
8,1,0,1,15,7
8,1,0,-1,14,7
9,0,8,9,3,1
9,0,7,8,0,1
9,0,6,7,10,5
9,0,5,6,8,4
9,0,4,5,6,4
9,0,3,4,13,5
9,0,2,3,9,5
9,0,1,2,12,5
9,0,0,1,15,7
9,0,0,-1,14,7
9,0,-1,-2,17,9
9,0,-2,-3,16,9
9,1,8,9,0,1
9,1,7,8,10,5
9,1,6,7,8,4
9,1,5,6,6,4
9,1,4,5,13,5
9,1,3,4,12,5
9,1,2,3,9,5
9,1,1,2,15,7
9,1,0,1,14,7
9,1,0,-1,17,9
9,1,-1,-2,16,9
10,0,8,9,0,1
10,0,7,8,10,5
10,0,6,7,8,4
10,0,5,6,6,4
10,0,4,5,13,5
10,0,3,4,12,5
10,0,2,3,9,5
10,0,1,2,15,7
10,0,0,1,14,7
10,0,0,-1,17,9
10,0,-1,-2,16,9
10,1,8,9,10,5
10,1,7,8,8,4
10,1,6,7,6,4
10,1,5,6,13,5
10,1,4,5,12,5
10,1,3,4,9,5
10,1,2,3,14,7
10,1,1,2,15,7
10,1,0,1,17,9
10,1,0,-1,16,9
11,0,8,9,10,5
11,0,7,8,8,4
11,0,6,7,6,4
11,0,5,6,13,5
11,0,4,5,12,5
11,0,3,4,9,5
11,0,2,3,14,7
11,0,1,2,15,7
11,0,0,1,17,9
11,0,0,-1,16,9
11,1,8,9,8,4
11,1,7,8,6,4
11,1,6,7,13,5
11,1,5,6,12,5
11,1,4,5,9,5
11,1,3,4,14,7
11,1,2,3,15,7
11,1,1,2,17,9
11,1,0,1,16,9
12,0,8,9,8,4
12,0,7,8,6,4
12,0,6,7,13,5
12,0,5,6,12,5
12,0,4,5,9,5
12,0,3,4,14,7
12,0,2,3,15,7
12,0,1,2,17,9
12,0,0,1,16,9
12,0,0,-1,18,12
12,0,-1,-2,19,12
12,0,-2,-3,20,12
12,1,8,9,6,4
12,1,7,8,13,5
12,1,6,7,12,5
12,1,5,6,9,5
12,1,4,5,14,7
12,1,3,4,15,7
12,1,2,3,17,9
12,1,1,2,16,9
12,1,0,1,18,12
12,1,0,-1,19,12
12,1,-1,-2,20,12
13,0,8,9,6,4
13,0,7,8,13,5
13,0,6,7,12,5
13,0,5,6,9,5
13,0,4,5,14,7
13,0,3,4,15,7
13,0,2,3,17,9
13,0,1,2,16,9
13,0,0,1,18,12
13,0,0,-1,19,12
13,0,-1,-2,20,12
13,1,8,9,13,5
13,1,7,8,12,5
13,1,6,7,9,5
13,1,5,6,14,7
13,1,4,5,15,7
13,1,3,4,17,9
13,1,2,3,16,9
13,1,1,2,18,12
13,1,0,1,19,12
13,1,0,-1,20,12
14,0,8,9,13,5
14,0,7,8,12,5
14,0,6,7,9,5
14,0,5,6,14,7
14,0,4,5,15,7
14,0,3,4,17,9
14,0,2,3,16,9
14,0,1,2,18,12
14,0,0,1,19,12
14,0,0,-1,20,12
14,0,-1,-2,21,14
14,0,-2,-3,22,14
14,1,8,9,12,5
14,1,7,8,9,5
14,1,6,7,14,7
14,1,5,6,15,7
14,1,4,5,17,9
14,1,3,4,16,9
14,1,2,3,18,12
14,1,1,2,20,12
14,1,0,1,19,12
14,1,0,-1,21,14
14,1,-1,-2,22,14
15,0,8,9,12,5
15,0,7,8,9,5
15,0,6,7,14,7
15,0,5,6,15,7
15,0,4,5,17,9
15,0,3,4,16,9
15,0,2,3,18,12
15,0,1,2,20,12
15,0,0,1,19,12
15,0,0,-1,21,14
15,0,-1,-2,22,14
15,0,-2,-3,23,15
15,1,8,9,9,5
15,1,7,8,14,7
15,1,6,7,15,7
15,1,5,6,17,9
15,1,4,5,16,9
15,1,3,4,18,12
15,1,2,3,19,12
15,1,1,2,20,12
15,1,0,1,22,14
15,1,0,-1,21,14
15,1,-1,-2,23,15
16,0,8,9,9,5
16,0,7,8,14,7
16,0,6,7,15,7
16,0,5,6,17,9
16,0,4,5,16,9
16,0,3,4,18,12
16,0,2,3,19,12
16,0,1,2,20,12
16,0,0,1,22,14
16,0,0,-1,21,14
16,0,-1,-2,23,15
16,0,-2,-3,24,16
16,1,8,9,14,7
16,1,7,8,15,7
16,1,6,7,17,9
16,1,5,6,16,9
16,1,4,5,19,12
16,1,3,4,18,12
16,1,2,3,20,12
16,1,1,2,22,14
16,1,0,1,21,14
16,1,0,-1,23,15
16,1,-1,-2,24,16
17,0,8,9,14,7
17,0,7,8,15,7
17,0,6,7,17,9
17,0,5,6,16,9
17,0,4,5,19,12
17,0,3,4,18,12
17,0,2,3,20,12
17,0,1,2,22,14
17,0,0,1,21,14
17,0,0,-1,23,15
17,0,-1,-2,24,16
17,1,8,9,15,7
17,1,7,8,17,9
17,1,6,7,16,9
17,1,5,6,19,12
17,1,4,5,18,12
17,1,3,4,20,12
17,1,2,3,22,14
17,1,1,2,21,14
17,1,0,1,23,15
17,1,0,-1,24,16
18,0,8,9,15,7
18,0,7,8,17,9
18,0,6,7,16,9
18,0,5,6,19,12
18,0,4,5,18,12
18,0,3,4,20,12
18,0,2,3,22,14
18,0,1,2,21,14
18,0,0,1,23,15
18,0,0,-1,24,16
18,0,-1,-2,25,18
18,0,-2,-3,26,18
18,1,8,9,17,9
18,1,7,8,16,9
18,1,6,7,19,12
18,1,5,6,18,12
18,1,4,5,20,12
18,1,3,4,22,14
18,1,2,3,21,14
18,1,1,2,23,15
18,1,0,1,24,16
18,1,0,-1,25,18
18,1,-1,-2,26,18
19,0,8,9,17,9
19,0,7,8,16,9
19,0,6,7,19,12
19,0,5,6,18,12
19,0,4,5,20,12
19,0,3,4,22,14
19,0,2,3,21,14
19,0,1,2,23,15
19,0,0,1,24,16
19,0,0,-1,25,18
19,0,-1,-2,26,18
19,0,-2,-3,27,19
19,1,8,9,16,9
19,1,7,8,19,12
19,1,6,7,18,12
19,1,5,6,20,12
19,1,4,5,22,14
19,1,3,4,21,14
19,1,2,3,23,15
19,1,1,2,24,16
19,1,0,1,25,18
19,1,0,-1,26,18
19,1,-1,-2,27,19
20,0,8,9,16,9
20,0,7,8,19,12
20,0,6,7,18,12
20,0,5,6,20,12
20,0,4,5,22,14
20,0,3,4,21,14
20,0,2,3,23,15
20,0,1,2,24,16
20,0,0,1,25,18
20,0,0,-1,26,18
20,0,-1,-2,27,19
20,1,8,9,19,12
20,1,7,8,18,12
20,1,6,7,20,12
20,1,5,6,22,14
20,1,4,5,21,14
20,1,3,4,23,15
20,1,2,3,24,16
20,1,1,2,25,18
20,1,0,1,26,18
20,1,0,-1,27,19
21,0,8,9,19,12
21,0,7,8,18,12
21,0,6,7,20,12
21,0,5,6,22,14
21,0,4,5,21,14
21,0,3,4,23,15
21,0,2,3,24,16
21,0,1,2,25,18
21,0,0,1,26,18
21,0,0,-1,27,19
21,0,-1,-2,28,21
21,1,8,9,18,12
21,1,7,8,20,12
21,1,6,7,22,14
21,1,5,6,21,14
21,1,4,5,23,15
21,1,3,4,24,16
21,1,2,3,26,18
21,1,1,2,25,18
21,1,0,1,27,19
21,1,0,-1,28,21
22,0,8,9,18,12
22,0,7,8,20,12
22,0,6,7,22,14
22,0,5,6,21,14
22,0,4,5,23,15
22,0,3,4,24,16
22,0,2,3,26,18
22,0,1,2,25,18
22,0,0,1,27,19
22,0,0,-1,28,21
22,1,8,9,20,12
22,1,7,8,22,14
22,1,6,7,21,14
22,1,5,6,23,15
22,1,4,5,24,16
22,1,3,4,25,18
22,1,2,3,26,18
22,1,1,2,27,19
22,1,0,1,28,21
23,0,8,9,20,12
23,0,7,8,22,14
23,0,6,7,21,14
23,0,5,6,23,15
23,0,4,5,24,16
23,0,3,4,25,18
23,0,2,3,26,18
23,0,1,2,27,19
23,0,0,1,28,21
23,1,8,9,22,14
23,1,7,8,21,14
23,1,6,7,23,15
23,1,5,6,24,16
23,1,4,5,25,18
23,1,3,4,26,18
23,1,2,3,27,19
23,1,1,2,28,21
23,1,0,1,-1,-1
24,0,8,9,22,14
24,0,7,8,21,14
24,0,6,7,23,15
24,0,5,6,24,16
24,0,4,5,25,18
24,0,3,4,26,18
24,0,2,3,27,19
24,0,1,2,28,21
24,0,0,1,29,24
24,0,0,-1,30,24
24,0,-1,-2,31,24
24,1,8,9,21,14
24,1,7,8,23,15
24,1,6,7,24,16
24,1,5,6,25,18
24,1,4,5,26,18
24,1,3,4,27,19
24,1,2,3,28,21
24,1,1,2,29,24
24,1,0,1,30,24
24,1,0,-1,31,24
25,0,8,9,21,14
25,0,7,8,23,15
25,0,6,7,24,16
25,0,5,6,25,18
25,0,4,5,26,18
25,0,3,4,27,19
25,0,2,3,28,21
25,0,1,2,29,24
25,0,0,1,30,24
25,0,0,-1,31,24
25,1,8,9,23,15
25,1,7,8,24,16
25,1,6,7,25,18
25,1,5,6,26,18
25,1,4,5,27,19
25,1,3,4,28,21
25,1,2,3,29,24
25,1,1,2,30,24
25,1,0,1,31,24
26,0,8,9,23,15
26,0,7,8,24,16
26,0,6,7,25,18
26,0,5,6,26,18
26,0,4,5,27,19
26,0,3,4,28,21
26,0,2,3,29,24
26,0,1,2,30,24
26,0,0,1,31,24
26,1,8,9,24,16
26,1,7,8,25,18
26,1,6,7,26,18
26,1,5,6,27,19
26,1,4,5,28,21
26,1,3,4,29,24
26,1,2,3,30,24
26,1,1,2,31,24
26,1,0,1,-1,-1
27,0,8,9,24,16
27,0,7,8,25,18
27,0,6,7,26,18
27,0,5,6,27,19
27,0,4,5,28,21
27,0,3,4,29,24
27,0,2,3,30,24
27,0,1,2,31,24
27,0,0,1,-1,-1
27,1,8,9,25,18
27,1,7,8,26,18
27,1,6,7,27,19
27,1,5,6,28,21
27,1,4,5,30,24
27,1,3,4,29,24
27,1,2,3,31,24
27,1,1,2,-1,-1
27,1,0,1,-1,-1
28,0,8,9,25,18
28,0,7,8,26,18
28,0,6,7,27,19
28,0,5,6,28,21
28,0,4,5,30,24
28,0,3,4,29,24
28,0,2,3,31,24
28,0,1,2,32,28
28,0,0,1,33,28
28,1,8,9,26,18
28,1,7,8,27,19
28,1,6,7,28,21
28,1,5,6,29,24
28,1,4,5,30,24
28,1,3,4,31,24
28,1,2,3,32,28
28,1,1,2,33,28
28,1,0,1,-1,-1
29,0,8,9,26,18
29,0,7,8,27,19
29,0,6,7,28,21
29,0,5,6,29,24
29,0,4,5,30,24
29,0,3,4,31,24
29,0,2,3,32,28
29,0,1,2,33,28
29,0,0,1,37,29
29,0,0,-1,34,29
29,0,-1,-2,35,29
29,0,-2,-3,36,29
29,1,8,9,27,19
29,1,7,8,28,21
29,1,6,7,29,24
29,1,5,6,30,24
29,1,4,5,31,24
29,1,3,4,33,28
29,1,2,3,32,28
29,1,1,2,37,29
29,1,0,1,34,29
29,1,0,-1,35,29
29,1,-1,-2,36,29
30,0,8,9,27,19
30,0,7,8,28,21
30,0,6,7,29,24
30,0,5,6,30,24
30,0,4,5,31,24
30,0,3,4,33,28
30,0,2,3,32,28
30,0,1,2,37,29
30,0,0,1,34,29
30,0,0,-1,35,29
30,0,-1,-2,36,29
30,0,-2,-3,38,30
30,1,8,9,28,21
30,1,7,8,29,24
30,1,6,7,30,24
30,1,5,6,31,24
30,1,4,5,32,28
30,1,3,4,33,28
30,1,2,3,37,29
30,1,1,2,34,29
30,1,0,1,35,29
30,1,0,-1,36,29
30,1,-1,-2,38,30
31,0,8,9,28,21
31,0,7,8,29,24
31,0,6,7,30,24
31,0,5,6,31,24
31,0,4,5,32,28
31,0,3,4,33,28
31,0,2,3,37,29
31,0,1,2,34,29
31,0,0,1,35,29
31,0,0,-1,36,29
31,0,-1,-2,38,30
31,0,-2,-3,39,31
31,1,8,9,29,24
31,1,7,8,30,24
31,1,6,7,31,24
31,1,5,6,32,28
31,1,4,5,33,28
31,1,3,4,37,29
31,1,2,3,34,29
31,1,1,2,35,29
31,1,0,1,36,29
31,1,0,-1,38,30
31,1,-1,-2,39,31
32,0,8,9,29,24
32,0,7,8,30,24
32,0,6,7,31,24
32,0,5,6,32,28
32,0,4,5,33,28
32,0,3,4,37,29
32,0,2,3,34,29
32,0,1,2,35,29
32,0,0,1,36,29
32,0,0,-1,38,30
32,0,-1,-2,39,31
32,0,-2,-3,40,32
32,1,8,9,30,24
32,1,7,8,31,24
32,1,6,7,32,28
32,1,5,6,33,28
32,1,4,5,37,29
32,1,3,4,35,29
32,1,2,3,34,29
32,1,1,2,36,29
32,1,0,1,38,30
32,1,0,-1,39,31
32,1,-1,-2,40,32
33,0,8,9,30,24
33,0,7,8,31,24
33,0,6,7,32,28
33,0,5,6,33,28
33,0,4,5,37,29
33,0,3,4,35,29
33,0,2,3,34,29
33,0,1,2,36,29
33,0,0,1,38,30
33,0,0,-1,39,31
33,0,-1,-2,40,32
33,0,-2,-3,41,33
33,1,8,9,31,24
33,1,7,8,32,28
33,1,6,7,33,28
33,1,5,6,37,29
33,1,4,5,35,29
33,1,3,4,34,29
33,1,2,3,36,29
33,1,1,2,38,30
33,1,0,1,39,31
33,1,0,-1,40,32
33,1,-1,-2,41,33
34,0,8,9,31,24
34,0,7,8,32,28
34,0,6,7,33,28
34,0,5,6,37,29
34,0,4,5,35,29
34,0,3,4,34,29
34,0,2,3,36,29
34,0,1,2,38,30
34,0,0,1,39,31
34,0,0,-1,40,32
34,0,-1,-2,41,33
34,0,-2,-3,42,34
34,1,8,9,32,28
34,1,7,8,33,28
34,1,6,7,37,29
34,1,5,6,36,29
34,1,4,5,35,29
34,1,3,4,34,29
34,1,2,3,38,30
34,1,1,2,39,31
34,1,0,1,40,32
34,1,0,-1,41,33
34,1,-1,-2,42,34
35,0,8,9,32,28
35,0,7,8,33,28
35,0,6,7,37,29
35,0,5,6,36,29
35,0,4,5,35,29
35,0,3,4,34,29
35,0,2,3,38,30
35,0,1,2,39,31
35,0,0,1,40,32
35,0,0,-1,41,33
35,0,-1,-2,42,34
35,0,-2,-3,43,35
35,1,8,9,33,28
35,1,7,8,36,29
35,1,6,7,37,29
35,1,5,6,34,29
35,1,4,5,35,29
35,1,3,4,38,30
35,1,2,3,39,31
35,1,1,2,40,32
35,1,0,1,41,33
35,1,0,-1,42,34
35,1,-1,-2,43,35
36,0,8,9,33,28
36,0,7,8,36,29
36,0,6,7,37,29
36,0,5,6,34,29
36,0,4,5,35,29
36,0,3,4,38,30
36,0,2,3,39,31
36,0,1,2,40,32
36,0,0,1,41,33
36,0,0,-1,42,34
36,0,-1,-2,43,35
36,1,8,9,36,29
36,1,7,8,34,29
36,1,6,7,37,29
36,1,5,6,35,29
36,1,4,5,38,30
36,1,3,4,39,31
36,1,2,3,40,32
36,1,1,2,41,33
36,1,0,1,42,34
36,1,0,-1,43,35
37,0,8,9,36,29
37,0,7,8,34,29
37,0,6,7,37,29
37,0,5,6,35,29
37,0,4,5,38,30
37,0,3,4,39,31
37,0,2,3,40,32
37,0,1,2,41,33
37,0,0,1,42,34
37,0,0,-1,43,35
37,0,-1,-2,45,37
37,0,-2,-3,44,37
37,1,8,9,34,29
37,1,7,8,37,29
37,1,6,7,35,29
37,1,5,6,38,30
37,1,4,5,39,31
37,1,3,4,40,32
37,1,2,3,41,33
37,1,1,2,42,34
37,1,0,1,43,35
37,1,0,-1,45,37
37,1,-1,-2,44,37
38,0,8,9,34,29
38,0,7,8,37,29
38,0,6,7,35,29
38,0,5,6,38,30
38,0,4,5,39,31
38,0,3,4,40,32
38,0,2,3,41,33
38,0,1,2,42,34
38,0,0,1,43,35
38,0,0,-1,45,37
38,0,-1,-2,44,37
38,0,-2,-3,46,38
38,1,8,9,37,29
38,1,7,8,35,29
38,1,6,7,38,30
38,1,5,6,39,31
38,1,4,5,40,32
38,1,3,4,41,33
38,1,2,3,42,34
38,1,1,2,43,35
38,1,0,1,45,37
38,1,0,-1,44,37
38,1,-1,-2,46,38
39,0,8,9,37,29
39,0,7,8,35,29
39,0,6,7,38,30
39,0,5,6,39,31
39,0,4,5,40,32
39,0,3,4,41,33
39,0,2,3,42,34
39,0,1,2,43,35
39,0,0,1,45,37
39,0,0,-1,44,37
39,0,-1,-2,46,38
39,1,8,9,35,29
39,1,7,8,38,30
39,1,6,7,39,31
39,1,5,6,40,32
39,1,4,5,41,33
39,1,3,4,42,34
39,1,2,3,43,35
39,1,1,2,44,37
39,1,0,1,45,37
39,1,0,-1,46,38
40,0,8,9,35,29
40,0,7,8,38,30
40,0,6,7,39,31
40,0,5,6,40,32
40,0,4,5,41,33
40,0,3,4,42,34
40,0,2,3,43,35
40,0,1,2,44,37
40,0,0,1,45,37
40,0,0,-1,46,38
40,0,-1,-2,47,40
40,1,8,9,38,30
40,1,7,8,39,31
40,1,6,7,40,32
40,1,5,6,41,33
40,1,4,5,42,34
40,1,3,4,43,35
40,1,2,3,44,37
40,1,1,2,45,37
40,1,0,1,46,38
40,1,0,-1,47,40
41,0,8,9,38,30
41,0,7,8,39,31
41,0,6,7,40,32
41,0,5,6,41,33
41,0,4,5,42,34
41,0,3,4,43,35
41,0,2,3,44,37
41,0,1,2,45,37
41,0,0,1,46,38
41,0,0,-1,47,40
41,1,8,9,39,31
41,1,7,8,40,32
41,1,6,7,41,33
41,1,5,6,42,34
41,1,4,5,43,35
41,1,3,4,44,37
41,1,2,3,45,37
41,1,1,2,46,38
41,1,0,1,47,40
42,0,8,9,39,31
42,0,7,8,40,32
42,0,6,7,41,33
42,0,5,6,42,34
42,0,4,5,43,35
42,0,3,4,44,37
42,0,2,3,45,37
42,0,1,2,46,38
42,0,0,1,47,40
42,1,8,9,40,32
42,1,7,8,41,33
42,1,6,7,42,34
42,1,5,6,43,35
42,1,4,5,45,37
42,1,3,4,44,37
42,1,2,3,46,38
42,1,1,2,47,40
42,1,0,1,-1,-1
43,0,8,9,40,32
43,0,7,8,41,33
43,0,6,7,42,34
43,0,5,6,43,35
43,0,4,5,45,37
43,0,3,4,44,37
43,0,2,3,46,38
43,0,1,2,47,40
43,0,0,1,48,43
43,0,0,-1,49,43
43,1,8,9,41,33
43,1,7,8,42,34
43,1,6,7,43,35
43,1,5,6,45,37
43,1,4,5,44,37
43,1,3,4,46,38
43,1,2,3,47,40
43,1,1,2,48,43
43,1,0,1,49,43
44,0,8,9,41,33
44,0,7,8,42,34
44,0,6,7,43,35
44,0,5,6,45,37
44,0,4,5,44,37
44,0,3,4,46,38
44,0,2,3,47,40
44,0,1,2,48,43
44,0,0,1,49,43
44,1,8,9,42,34
44,1,7,8,43,35
44,1,6,7,45,37
44,1,5,6,44,37
44,1,4,5,46,38
44,1,3,4,47,40
44,1,2,3,48,43
44,1,1,2,49,43
44,1,0,1,-1,-1
45,0,8,9,42,34
45,0,7,8,43,35
45,0,6,7,45,37
45,0,5,6,44,37
45,0,4,5,46,38
45,0,3,4,47,40
45,0,2,3,48,43
45,0,1,2,49,43
45,0,0,1,-1,-1
45,1,8,9,43,35
45,1,7,8,45,37
45,1,6,7,44,37
45,1,5,6,46,38
45,1,4,5,47,40
45,1,3,4,49,43
45,1,2,3,48,43
45,1,1,2,-1,-1
45,1,0,1,-1,-1
46,0,8,9,43,35
46,0,7,8,45,37
46,0,6,7,44,37
46,0,5,6,46,38
46,0,4,5,47,40
46,0,3,4,49,43
46,0,2,3,48,43
46,0,1,2,50,46
46,0,0,1,51,46
46,0,0,-1,52,46
46,1,8,9,45,37
46,1,7,8,44,37
46,1,6,7,46,38
46,1,5,6,47,40
46,1,4,5,48,43
46,1,3,4,49,43
46,1,2,3,50,46
46,1,1,2,51,46
46,1,0,1,52,46
47,0,8,9,45,37
47,0,7,8,44,37
47,0,6,7,46,38
47,0,5,6,47,40
47,0,4,5,48,43
47,0,3,4,49,43
47,0,2,3,50,46
47,0,1,2,51,46
47,0,0,1,52,46
47,0,0,-1,53,47
47,0,-1,-2,54,47
47,1,8,9,44,37
47,1,7,8,46,38
47,1,6,7,47,40
47,1,5,6,48,43
47,1,4,5,49,43
47,1,3,4,50,46
47,1,2,3,51,46
47,1,1,2,52,46
47,1,0,1,53,47
47,1,0,-1,54,47
48,0,8,9,44,37
48,0,7,8,46,38
48,0,6,7,47,40
48,0,5,6,48,43
48,0,4,5,49,43
48,0,3,4,50,46
48,0,2,3,51,46
48,0,1,2,52,46
48,0,0,1,53,47
48,0,0,-1,54,47
48,0,-1,-2,55,48
48,1,8,9,46,38
48,1,7,8,47,40
48,1,6,7,48,43
48,1,5,6,49,43
48,1,4,5,50,46
48,1,3,4,52,46
48,1,2,3,51,46
48,1,1,2,53,47
48,1,0,1,54,47
48,1,0,-1,55,48
49,0,8,9,46,38
49,0,7,8,47,40
49,0,6,7,48,43
49,0,5,6,49,43
49,0,4,5,50,46
49,0,3,4,52,46
49,0,2,3,51,46
49,0,1,2,53,47
49,0,0,1,54,47
49,0,0,-1,55,48
49,0,-1,-2,56,49
49,1,8,9,47,40
49,1,7,8,48,43
49,1,6,7,49,43
49,1,5,6,50,46
49,1,4,5,52,46
49,1,3,4,51,46
49,1,2,3,53,47
49,1,1,2,54,47
49,1,0,1,55,48
49,1,0,-1,56,49
50,0,8,9,47,40
50,0,7,8,48,43
50,0,6,7,49,43
50,0,5,6,50,46
50,0,4,5,52,46
50,0,3,4,51,46
50,0,2,3,53,47
50,0,1,2,54,47
50,0,0,1,55,48
50,0,0,-1,56,49
50,0,-1,-2,57,50
50,1,8,9,48,43
50,1,7,8,49,43
50,1,6,7,50,46
50,1,5,6,52,46
50,1,4,5,51,46
50,1,3,4,53,47
50,1,2,3,54,47
50,1,1,2,55,48
50,1,0,1,56,49
50,1,0,-1,57,50
51,0,8,9,48,43
51,0,7,8,49,43
51,0,6,7,50,46
51,0,5,6,52,46
51,0,4,5,51,46
51,0,3,4,53,47
51,0,2,3,54,47
51,0,1,2,55,48
51,0,0,1,56,49
51,0,0,-1,57,50
51,0,-1,-2,59,51
51,0,-2,-3,58,51
51,1,8,9,49,43
51,1,7,8,50,46
51,1,6,7,52,46
51,1,5,6,51,46
51,1,4,5,53,47
51,1,3,4,54,47
51,1,2,3,55,48
51,1,1,2,56,49
51,1,0,1,57,50
51,1,0,-1,59,51
51,1,-1,-2,58,51
52,0,8,9,49,43
52,0,7,8,50,46
52,0,6,7,52,46
52,0,5,6,51,46
52,0,4,5,53,47
52,0,3,4,54,47
52,0,2,3,55,48
52,0,1,2,56,49
52,0,0,1,57,50
52,0,0,-1,59,51
52,0,-1,-2,58,51
52,0,-2,-3,60,52
52,1,8,9,50,46
52,1,7,8,52,46
52,1,6,7,51,46
52,1,5,6,54,47
52,1,4,5,53,47
52,1,3,4,55,48
52,1,2,3,56,49
52,1,1,2,57,50
52,1,0,1,59,51
52,1,0,-1,58,51
52,1,-1,-2,60,52
53,0,8,9,50,46
53,0,7,8,52,46
53,0,6,7,51,46
53,0,5,6,54,47
53,0,4,5,53,47
53,0,3,4,55,48
53,0,2,3,56,49
53,0,1,2,57,50
53,0,0,1,59,51
53,0,0,-1,58,51
53,0,-1,-2,60,52
53,1,8,9,52,46
53,1,7,8,51,46
53,1,6,7,54,47
53,1,5,6,53,47
53,1,4,5,55,48
53,1,3,4,56,49
53,1,2,3,57,50
53,1,1,2,58,51
53,1,0,1,59,51
53,1,0,-1,60,52
54,0,8,9,52,46
54,0,7,8,51,46
54,0,6,7,54,47
54,0,5,6,53,47
54,0,4,5,55,48
54,0,3,4,56,49
54,0,2,3,57,50
54,0,1,2,58,51
54,0,0,1,59,51
54,0,0,-1,60,52
54,1,8,9,51,46
54,1,7,8,54,47
54,1,6,7,53,47
54,1,5,6,55,48
54,1,4,5,56,49
54,1,3,4,57,50
54,1,2,3,58,51
54,1,1,2,59,51
54,1,0,1,60,52
55,0,8,9,51,46
55,0,7,8,54,47
55,0,6,7,53,47
55,0,5,6,55,48
55,0,4,5,56,49
55,0,3,4,57,50
55,0,2,3,58,51
55,0,1,2,59,51
55,0,0,1,60,52
55,0,0,-1,62,55
55,0,-1,-2,61,55
55,0,-2,-3,63,55
55,1,8,9,54,47
55,1,7,8,53,47
55,1,6,7,55,48
55,1,5,6,56,49
55,1,4,5,57,50
55,1,3,4,59,51
55,1,2,3,58,51
55,1,1,2,60,52
55,1,0,1,62,55
55,1,0,-1,61,55
55,1,-1,-2,63,55
56,0,8,9,54,47
56,0,7,8,53,47
56,0,6,7,55,48
56,0,5,6,56,49
56,0,4,5,57,50
56,0,3,4,59,51
56,0,2,3,58,51
56,0,1,2,60,52
56,0,0,1,62,55
56,0,0,-1,61,55
56,0,-1,-2,63,55
56,0,-2,-3,64,56
56,1,8,9,53,47
56,1,7,8,55,48
56,1,6,7,56,49
56,1,5,6,57,50
56,1,4,5,59,51
56,1,3,4,58,51
56,1,2,3,60,52
56,1,1,2,62,55
56,1,0,1,61,55
56,1,0,-1,63,55
56,1,-1,-2,64,56
57,0,8,9,53,47
57,0,7,8,55,48
57,0,6,7,56,49
57,0,5,6,57,50
57,0,4,5,59,51
57,0,3,4,58,51
57,0,2,3,60,52
57,0,1,2,62,55
57,0,0,1,61,55
57,0,0,-1,63,55
57,0,-1,-2,64,56
57,0,-2,-3,65,57
57,1,8,9,55,48
57,1,7,8,56,49
57,1,6,7,57,50
57,1,5,6,59,51
57,1,4,5,58,51
57,1,3,4,60,52
57,1,2,3,62,55
57,1,1,2,61,55
57,1,0,1,63,55
57,1,0,-1,64,56
57,1,-1,-2,65,57
58,0,8,9,55,48
58,0,7,8,56,49
58,0,6,7,57,50
58,0,5,6,59,51
58,0,4,5,58,51
58,0,3,4,60,52
58,0,2,3,62,55
58,0,1,2,61,55
58,0,0,1,63,55
58,0,0,-1,64,56
58,0,-1,-2,65,57
58,0,-2,-3,66,58
58,1,8,9,56,49
58,1,7,8,57,50
58,1,6,7,59,51
58,1,5,6,58,51
58,1,4,5,60,52
58,1,3,4,61,55
58,1,2,3,62,55
58,1,1,2,63,55
58,1,0,1,64,56
58,1,0,-1,65,57
58,1,-1,-2,66,58
59,0,8,9,56,49
59,0,7,8,57,50
59,0,6,7,59,51
59,0,5,6,58,51
59,0,4,5,60,52
59,0,3,4,61,55
59,0,2,3,62,55
59,0,1,2,63,55
59,0,0,1,64,56
59,0,0,-1,65,57
59,0,-1,-2,66,58
59,0,-2,-3,67,59
59,1,8,9,57,50
59,1,7,8,59,51
59,1,6,7,58,51
59,1,5,6,60,52
59,1,4,5,62,55
59,1,3,4,61,55
59,1,2,3,63,55
59,1,1,2,64,56
59,1,0,1,65,57
59,1,0,-1,66,58
59,1,-1,-2,67,59
60,0,8,9,57,50
60,0,7,8,59,51
60,0,6,7,58,51
60,0,5,6,60,52
60,0,4,5,62,55
60,0,3,4,61,55
60,0,2,3,63,55
60,0,1,2,64,56
60,0,0,1,65,57
60,0,0,-1,66,58
60,0,-1,-2,67,59
60,1,8,9,59,51
60,1,7,8,58,51
60,1,6,7,60,52
60,1,5,6,62,55
60,1,4,5,61,55
60,1,3,4,63,55
60,1,2,3,64,56
60,1,1,2,65,57
60,1,0,1,66,58
60,1,0,-1,67,59
61,0,8,9,59,51
61,0,7,8,58,51
61,0,6,7,60,52
61,0,5,6,62,55
61,0,4,5,61,55
61,0,3,4,63,55
61,0,2,3,64,56
61,0,1,2,65,57
61,0,0,1,66,58
61,0,0,-1,67,59
61,0,-1,-2,68,61
61,1,8,9,58,51
61,1,7,8,60,52
61,1,6,7,62,55
61,1,5,6,61,55
61,1,4,5,63,55
61,1,3,4,64,56
61,1,2,3,65,57
61,1,1,2,66,58
61,1,0,1,67,59
61,1,0,-1,68,61
62,0,8,9,58,51
62,0,7,8,60,52
62,0,6,7,62,55
62,0,5,6,61,55
62,0,4,5,63,55
62,0,3,4,64,56
62,0,2,3,65,57
62,0,1,2,66,58
62,0,0,1,67,59
62,0,0,-1,68,61
62,0,-1,-2,70,62
62,0,-2,-3,69,62
62,1,8,9,60,52
62,1,7,8,62,55
62,1,6,7,61,55
62,1,5,6,63,55
62,1,4,5,64,56
62,1,3,4,65,57
62,1,2,3,66,58
62,1,1,2,67,59
62,1,0,1,68,61
62,1,0,-1,70,62
62,1,-1,-2,69,62
63,0,8,9,60,52
63,0,7,8,62,55
63,0,6,7,61,55
63,0,5,6,63,55
63,0,4,5,64,56
63,0,3,4,65,57
63,0,2,3,66,58
63,0,1,2,67,59
63,0,0,1,68,61
63,0,0,-1,70,62
63,0,-1,-2,69,62
63,0,-2,-3,71,63
63,1,8,9,62,55
63,1,7,8,61,55
63,1,6,7,63,55
63,1,5,6,64,56
63,1,4,5,65,57
63,1,3,4,66,58
63,1,2,3,67,59
63,1,1,2,68,61
63,1,0,1,70,62
63,1,0,-1,69,62
63,1,-1,-2,71,63
64,0,8,9,62,55
64,0,7,8,61,55
64,0,6,7,63,55
64,0,5,6,64,56
64,0,4,5,65,57
64,0,3,4,66,58
64,0,2,3,67,59
64,0,1,2,68,61
64,0,0,1,70,62
64,0,0,-1,69,62
64,0,-1,-2,71,63
64,0,-2,-3,72,64
64,1,8,9,61,55
64,1,7,8,63,55
64,1,6,7,64,56
64,1,5,6,65,57
64,1,4,5,66,58
64,1,3,4,67,59
64,1,2,3,68,61
64,1,1,2,70,62
64,1,0,1,69,62
64,1,0,-1,71,63
64,1,-1,-2,72,64
65,0,8,9,61,55
65,0,7,8,63,55
65,0,6,7,64,56
65,0,5,6,65,57
65,0,4,5,66,58
65,0,3,4,67,59
65,0,2,3,68,61
65,0,1,2,70,62
65,0,0,1,69,62
65,0,0,-1,71,63
65,0,-1,-2,72,64
65,0,-2,-3,73,65
65,1,8,9,63,55
65,1,7,8,64,56
65,1,6,7,65,57
65,1,5,6,66,58
65,1,4,5,67,59
65,1,3,4,68,61
65,1,2,3,70,62
65,1,1,2,69,62
65,1,0,1,71,63
65,1,0,-1,72,64
65,1,-1,-2,73,65
66,0,8,9,63,55
66,0,7,8,64,56
66,0,6,7,65,57
66,0,5,6,66,58
66,0,4,5,67,59
66,0,3,4,68,61
66,0,2,3,70,62
66,0,1,2,69,62
66,0,0,1,71,63
66,0,0,-1,72,64
66,0,-1,-2,73,65
66,0,-2,-3,74,66
66,1,8,9,64,56
66,1,7,8,65,57
66,1,6,7,66,58
66,1,5,6,67,59
66,1,4,5,68,61
66,1,3,4,70,62
66,1,2,3,69,62
66,1,1,2,71,63
66,1,0,1,72,64
66,1,0,-1,73,65
66,1,-1,-2,74,66
67,0,8,9,64,56
67,0,7,8,65,57
67,0,6,7,66,58
67,0,5,6,67,59
67,0,4,5,68,61
67,0,3,4,70,62
67,0,2,3,69,62
67,0,1,2,71,63
67,0,0,1,72,64
67,0,0,-1,73,65
67,0,-1,-2,74,66
67,1,8,9,65,57
67,1,7,8,66,58
67,1,6,7,67,59
67,1,5,6,68,61
67,1,4,5,70,62
67,1,3,4,69,62
67,1,2,3,71,63
67,1,1,2,72,64
67,1,0,1,73,65
67,1,0,-1,74,66
68,0,8,9,65,57
68,0,7,8,66,58
68,0,6,7,67,59
68,0,5,6,68,61
68,0,4,5,70,62
68,0,3,4,69,62
68,0,2,3,71,63
68,0,1,2,72,64
68,0,0,1,73,65
68,0,0,-1,74,66
68,0,-1,-2,75,68
68,0,-2,-3,76,68
68,1,8,9,66,58
68,1,7,8,67,59
68,1,6,7,68,61
68,1,5,6,70,62
68,1,4,5,69,62
68,1,3,4,71,63
68,1,2,3,72,64
68,1,1,2,73,65
68,1,0,1,74,66
68,1,0,-1,75,68
68,1,-1,-2,76,68
69,0,8,9,66,58
69,0,7,8,67,59
69,0,6,7,68,61
69,0,5,6,70,62
69,0,4,5,69,62
69,0,3,4,71,63
69,0,2,3,72,64
69,0,1,2,73,65
69,0,0,1,74,66
69,0,0,-1,75,68
69,0,-1,-2,76,68
69,0,-2,-3,77,69
69,1,8,9,67,59
69,1,7,8,68,61
69,1,6,7,70,62
69,1,5,6,69,62
69,1,4,5,71,63
69,1,3,4,72,64
69,1,2,3,73,65
69,1,1,2,74,66
69,1,0,1,75,68
69,1,0,-1,76,68
69,1,-1,-2,77,69
70,0,8,9,67,59
70,0,7,8,68,61
70,0,6,7,70,62
70,0,5,6,69,62
70,0,4,5,71,63
70,0,3,4,72,64
70,0,2,3,73,65
70,0,1,2,74,66
70,0,0,1,75,68
70,0,0,-1,76,68
70,0,-1,-2,77,69
70,0,-2,-3,78,70
70,1,8,9,68,61
70,1,7,8,70,62
70,1,6,7,69,62
70,1,5,6,71,63
70,1,4,5,72,64
70,1,3,4,73,65
70,1,2,3,74,66
70,1,1,2,75,68
70,1,0,1,76,68
70,1,0,-1,77,69
70,1,-1,-2,78,70
71,0,8,9,68,61
71,0,7,8,70,62
71,0,6,7,69,62
71,0,5,6,71,63
71,0,4,5,72,64
71,0,3,4,73,65
71,0,2,3,74,66
71,0,1,2,75,68
71,0,0,1,76,68
71,0,0,-1,77,69
71,0,-1,-2,78,70
71,0,-2,-3,79,71
71,1,8,9,70,62
71,1,7,8,69,62
71,1,6,7,71,63
71,1,5,6,72,64
71,1,4,5,73,65
71,1,3,4,74,66
71,1,2,3,75,68
71,1,1,2,76,68
71,1,0,1,77,69
71,1,0,-1,78,70
71,1,-1,-2,79,71
72,0,8,9,70,62
72,0,7,8,69,62
72,0,6,7,71,63
72,0,5,6,72,64
72,0,4,5,73,65
72,0,3,4,74,66
72,0,2,3,75,68
72,0,1,2,76,68
72,0,0,1,77,69
72,0,0,-1,78,70
72,0,-1,-2,79,71
72,0,-2,-3,80,72
72,1,8,9,69,62
72,1,7,8,71,63
72,1,6,7,72,64
72,1,5,6,73,65
72,1,4,5,74,66
72,1,3,4,75,68
72,1,2,3,76,68
72,1,1,2,77,69
72,1,0,1,78,70
72,1,0,-1,79,71
72,1,-1,-2,80,72
73,0,8,9,69,62
73,0,7,8,71,63
73,0,6,7,72,64
73,0,5,6,73,65
73,0,4,5,74,66
73,0,3,4,75,68
73,0,2,3,76,68
73,0,1,2,77,69
73,0,0,1,78,70
73,0,0,-1,79,71
73,0,-1,-2,80,72
73,0,-2,-3,81,73
73,1,8,9,71,63
73,1,7,8,72,64
73,1,6,7,73,65
73,1,5,6,74,66
73,1,4,5,75,68
73,1,3,4,76,68
73,1,2,3,77,69
73,1,1,2,78,70
73,1,0,1,79,71
73,1,0,-1,80,72
73,1,-1,-2,81,73
74,0,8,9,71,63
74,0,7,8,72,64
74,0,6,7,73,65
74,0,5,6,74,66
74,0,4,5,75,68
74,0,3,4,76,68
74,0,2,3,77,69
74,0,1,2,78,70
74,0,0,1,79,71
74,0,0,-1,80,72
74,0,-1,-2,81,73
74,1,8,9,72,64
74,1,7,8,73,65
74,1,6,7,74,66
74,1,5,6,75,68
74,1,4,5,76,68
74,1,3,4,77,69
74,1,2,3,78,70
74,1,1,2,79,71
74,1,0,1,80,72
74,1,0,-1,81,73
75,0,8,9,72,64
75,0,7,8,73,65
75,0,6,7,74,66
75,0,5,6,75,68
75,0,4,5,76,68
75,0,3,4,77,69
75,0,2,3,78,70
75,0,1,2,79,71
75,0,0,1,80,72
75,0,0,-1,81,73
75,1,8,9,73,65
75,1,7,8,74,66
75,1,6,7,75,68
75,1,5,6,76,68
75,1,4,5,77,69
75,1,3,4,78,70
75,1,2,3,79,71
75,1,1,2,80,72
75,1,0,1,81,73
76,0,8,9,73,65
76,0,7,8,74,66
76,0,6,7,75,68
76,0,5,6,76,68
76,0,4,5,77,69
76,0,3,4,78,70
76,0,2,3,79,71
76,0,1,2,80,72
76,0,0,1,81,73
76,1,8,9,74,66
76,1,7,8,75,68
76,1,6,7,76,68
76,1,5,6,77,69
76,1,4,5,78,70
76,1,3,4,79,71
76,1,2,3,80,72
76,1,1,2,81,73
76,1,0,1,-1,-1
77,0,8,9,74,66
77,0,7,8,75,68
77,0,6,7,76,68
77,0,5,6,77,69
77,0,4,5,78,70
77,0,3,4,79,71
77,0,2,3,80,72
77,0,1,2,81,73
77,0,0,1,-1,-1
77,1,8,9,75,68
77,1,7,8,76,68
77,1,6,7,77,69
77,1,5,6,78,70
77,1,4,5,79,71
77,1,3,4,80,72
77,1,2,3,81,73
77,1,1,2,-1,-1
77,1,0,1,-1,-1
78,0,8,9,75,68
78,0,7,8,76,68
78,0,6,7,77,69
78,0,5,6,78,70
78,0,4,5,79,71
78,0,3,4,80,72
78,0,2,3,81,73
78,0,1,2,83,78
78,0,0,1,82,78
78,1,8,9,76,68
78,1,7,8,77,69
78,1,6,7,78,70
78,1,5,6,79,71
78,1,4,5,80,72
78,1,3,4,81,73
78,1,2,3,83,78
78,1,1,2,82,78
78,1,0,1,-1,-1
79,0,8,9,76,68
79,0,7,8,77,69
79,0,6,7,78,70
79,0,5,6,79,71
79,0,4,5,80,72
79,0,3,4,81,73
79,0,2,3,83,78
79,0,1,2,82,78
79,0,0,1,85,79
79,0,0,-1,84,79
79,1,8,9,77,69
79,1,7,8,78,70
79,1,6,7,79,71
79,1,5,6,80,72
79,1,4,5,81,73
79,1,3,4,83,78
79,1,2,3,82,78
79,1,1,2,85,79
79,1,0,1,84,79
80,0,8,9,77,69
80,0,7,8,78,70
80,0,6,7,79,71
80,0,5,6,80,72
80,0,4,5,81,73
80,0,3,4,83,78
80,0,2,3,82,78
80,0,1,2,85,79
80,0,0,1,84,79
80,0,0,-1,86,80
80,0,-1,-2,87,80
80,1,8,9,78,70
80,1,7,8,79,71
80,1,6,7,80,72
80,1,5,6,81,73
80,1,4,5,83,78
80,1,3,4,82,78
80,1,2,3,85,79
80,1,1,2,84,79
80,1,0,1,86,80
80,1,0,-1,87,80
81,0,8,9,78,70
81,0,7,8,79,71
81,0,6,7,80,72
81,0,5,6,81,73
81,0,4,5,83,78
81,0,3,4,82,78
81,0,2,3,85,79
81,0,1,2,84,79
81,0,0,1,86,80
81,0,0,-1,87,80
81,0,-1,-2,88,81
81,1,8,9,79,71
81,1,7,8,80,72
81,1,6,7,81,73
81,1,5,6,83,78
81,1,4,5,82,78
81,1,3,4,85,79
81,1,2,3,84,79
81,1,1,2,86,80
81,1,0,1,87,80
81,1,0,-1,88,81
82,0,8,9,79,71
82,0,7,8,80,72
82,0,6,7,81,73
82,0,5,6,83,78
82,0,4,5,82,78
82,0,3,4,85,79
82,0,2,3,84,79
82,0,1,2,86,80
82,0,0,1,87,80
82,0,0,-1,88,81
82,0,-1,-2,89,82
82,0,-2,-3,90,82
82,1,8,9,80,72
82,1,7,8,81,73
82,1,6,7,83,78
82,1,5,6,82,78
82,1,4,5,85,79
82,1,3,4,84,79
82,1,2,3,86,80
82,1,1,2,87,80
82,1,0,1,88,81
82,1,0,-1,89,82
82,1,-1,-2,90,82
83,0,8,9,80,72
83,0,7,8,81,73
83,0,6,7,83,78
83,0,5,6,82,78
83,0,4,5,85,79
83,0,3,4,84,79
83,0,2,3,86,80
83,0,1,2,87,80
83,0,0,1,88,81
83,0,0,-1,89,82
83,0,-1,-2,90,82
83,0,-2,-3,91,83
83,1,8,9,81,73
83,1,7,8,83,78
83,1,6,7,82,78
83,1,5,6,84,79
83,1,4,5,85,79
83,1,3,4,86,80
83,1,2,3,87,80
83,1,1,2,88,81
83,1,0,1,89,82
83,1,0,-1,90,82
83,1,-1,-2,91,83
84,0,8,9,81,73
84,0,7,8,83,78
84,0,6,7,82,78
84,0,5,6,84,79
84,0,4,5,85,79
84,0,3,4,86,80
84,0,2,3,87,80
84,0,1,2,88,81
84,0,0,1,89,82
84,0,0,-1,90,82
84,0,-1,-2,91,83
84,1,8,9,83,78
84,1,7,8,82,78
84,1,6,7,84,79
84,1,5,6,85,79
84,1,4,5,86,80
84,1,3,4,87,80
84,1,2,3,88,81
84,1,1,2,89,82
84,1,0,1,90,82
84,1,0,-1,91,83
85,0,8,9,83,78
85,0,7,8,82,78
85,0,6,7,84,79
85,0,5,6,85,79
85,0,4,5,86,80
85,0,3,4,87,80
85,0,2,3,88,81
85,0,1,2,89,82
85,0,0,1,90,82
85,0,0,-1,91,83
85,0,-1,-2,92,85
85,1,8,9,82,78
85,1,7,8,84,79
85,1,6,7,85,79
85,1,5,6,86,80
85,1,4,5,87,80
85,1,3,4,88,81
85,1,2,3,89,82
85,1,1,2,90,82
85,1,0,1,91,83
85,1,0,-1,92,85
86,0,8,9,82,78
86,0,7,8,84,79
86,0,6,7,85,79
86,0,5,6,86,80
86,0,4,5,87,80
86,0,3,4,88,81
86,0,2,3,89,82
86,0,1,2,90,82
86,0,0,1,91,83
86,0,0,-1,92,85
86,0,-1,-2,93,86
86,1,8,9,84,79
86,1,7,8,85,79
86,1,6,7,86,80
86,1,5,6,87,80
86,1,4,5,88,81
86,1,3,4,89,82
86,1,2,3,90,82
86,1,1,2,91,83
86,1,0,1,92,85
86,1,0,-1,93,86
87,0,8,9,84,79
87,0,7,8,85,79
87,0,6,7,86,80
87,0,5,6,87,80
87,0,4,5,88,81
87,0,3,4,89,82
87,0,2,3,90,82
87,0,1,2,91,83
87,0,0,1,92,85
87,0,0,-1,93,86
87,0,-1,-2,94,87
87,0,-2,-3,95,87
87,1,8,9,85,79
87,1,7,8,86,80
87,1,6,7,87,80
87,1,5,6,88,81
87,1,4,5,90,82
87,1,3,4,89,82
87,1,2,3,91,83
87,1,1,2,92,85
87,1,0,1,93,86
87,1,0,-1,94,87
87,1,-1,-2,95,87
88,0,8,9,85,79
88,0,7,8,86,80
88,0,6,7,87,80
88,0,5,6,88,81
88,0,4,5,90,82
88,0,3,4,89,82
88,0,2,3,91,83
88,0,1,2,92,85
88,0,0,1,93,86
88,0,0,-1,94,87
88,0,-1,-2,95,87
88,1,8,9,86,80
88,1,7,8,87,80
88,1,6,7,88,81
88,1,5,6,90,82
88,1,4,5,89,82
88,1,3,4,91,83
88,1,2,3,92,85
88,1,1,2,93,86
88,1,0,1,95,87
88,1,0,-1,94,87
89,0,8,9,86,80
89,0,7,8,87,80
89,0,6,7,88,81
89,0,5,6,90,82
89,0,4,5,89,82
89,0,3,4,91,83
89,0,2,3,92,85
89,0,1,2,93,86
89,0,0,1,95,87
89,0,0,-1,94,87
89,0,-1,-2,96,89
89,0,-2,-3,97,89
89,1,8,9,87,80
89,1,7,8,88,81
89,1,6,7,90,82
89,1,5,6,89,82
89,1,4,5,91,83
89,1,3,4,92,85
89,1,2,3,93,86
89,1,1,2,95,87
89,1,0,1,94,87
89,1,0,-1,97,89
89,1,-1,-2,96,89
90,0,8,9,87,80
90,0,7,8,88,81
90,0,6,7,90,82
90,0,5,6,89,82
90,0,4,5,91,83
90,0,3,4,92,85
90,0,2,3,93,86
90,0,1,2,95,87
90,0,0,1,94,87
90,0,0,-1,97,89
90,0,-1,-2,96,89
90,0,-2,-3,98,90
90,1,8,9,88,81
90,1,7,8,90,82
90,1,6,7,89,82
90,1,5,6,91,83
90,1,4,5,92,85
90,1,3,4,93,86
90,1,2,3,95,87
90,1,1,2,94,87
90,1,0,1,97,89
90,1,0,-1,96,89
90,1,-1,-2,98,90
91,0,8,9,88,81
91,0,7,8,90,82
91,0,6,7,89,82
91,0,5,6,91,83
91,0,4,5,92,85
91,0,3,4,93,86
91,0,2,3,95,87
91,0,1,2,94,87
91,0,0,1,97,89
91,0,0,-1,96,89
91,0,-1,-2,98,90
91,1,8,9,90,82
91,1,7,8,89,82
91,1,6,7,91,83
91,1,5,6,92,85
91,1,4,5,93,86
91,1,3,4,94,87
91,1,2,3,95,87
91,1,1,2,97,89
91,1,0,1,96,89
91,1,0,-1,98,90
92,0,8,9,90,82
92,0,7,8,89,82
92,0,6,7,91,83
92,0,5,6,92,85
92,0,4,5,93,86
92,0,3,4,94,87
92,0,2,3,95,87
92,0,1,2,97,89
92,0,0,1,96,89
92,0,0,-1,98,90
92,0,-1,-2,99,92
92,1,8,9,89,82
92,1,7,8,91,83
92,1,6,7,92,85
92,1,5,6,93,86
92,1,4,5,94,87
92,1,3,4,95,87
92,1,2,3,96,89
92,1,1,2,97,89
92,1,0,1,98,90
92,1,0,-1,99,92
93,0,8,9,89,82
93,0,7,8,91,83
93,0,6,7,92,85
93,0,5,6,93,86
93,0,4,5,94,87
93,0,3,4,95,87
93,0,2,3,96,89
93,0,1,2,97,89
93,0,0,1,98,90
93,0,0,-1,99,92
93,0,-1,-2,101,93
93,0,-2,-3,100,93
93,1,8,9,91,83
93,1,7,8,92,85
93,1,6,7,93,86
93,1,5,6,94,87
93,1,4,5,95,87
93,1,3,4,96,89
93,1,2,3,97,89
93,1,1,2,98,90
93,1,0,1,99,92
93,1,0,-1,101,93
93,1,-1,-2,100,93
94,0,8,9,91,83
94,0,7,8,92,85
94,0,6,7,93,86
94,0,5,6,94,87
94,0,4,5,95,87
94,0,3,4,96,89
94,0,2,3,97,89
94,0,1,2,98,90
94,0,0,1,99,92
94,0,0,-1,101,93
94,0,-1,-2,100,93
94,1,8,9,92,85
94,1,7,8,93,86
94,1,6,7,94,87
94,1,5,6,95,87
94,1,4,5,96,89
94,1,3,4,97,89
94,1,2,3,98,90
94,1,1,2,99,92
94,1,0,1,101,93
94,1,0,-1,100,93
95,0,8,9,92,85
95,0,7,8,93,86
95,0,6,7,94,87
95,0,5,6,95,87
95,0,4,5,96,89
95,0,3,4,97,89
95,0,2,3,98,90
95,0,1,2,99,92
95,0,0,1,101,93
95,0,0,-1,100,93
95,1,8,9,93,86
95,1,7,8,94,87
95,1,6,7,95,87
95,1,5,6,96,89
95,1,4,5,97,89
95,1,3,4,98,90
95,1,2,3,99,92
95,1,1,2,101,93
95,1,0,1,100,93
96,0,8,9,93,86
96,0,7,8,94,87
96,0,6,7,95,87
96,0,5,6,96,89
96,0,4,5,97,89
96,0,3,4,98,90
96,0,2,3,99,92
96,0,1,2,101,93
96,0,0,1,100,93
96,0,0,-1,103,96
96,0,-1,-2,102,96
96,0,-2,-3,104,96
96,1,8,9,94,87
96,1,7,8,95,87
96,1,6,7,96,89
96,1,5,6,97,89
96,1,4,5,98,90
96,1,3,4,99,92
96,1,2,3,101,93
96,1,1,2,100,93
96,1,0,1,103,96
96,1,0,-1,102,96
96,1,-1,-2,104,96
97,0,8,9,94,87
97,0,7,8,95,87
97,0,6,7,96,89
97,0,5,6,97,89
97,0,4,5,98,90
97,0,3,4,99,92
97,0,2,3,101,93
97,0,1,2,100,93
97,0,0,1,103,96
97,0,0,-1,102,96
97,0,-1,-2,104,96
97,1,8,9,95,87
97,1,7,8,96,89
97,1,6,7,97,89
97,1,5,6,98,90
97,1,4,5,99,92
97,1,3,4,101,93
97,1,2,3,100,93
97,1,1,2,103,96
97,1,0,1,102,96
97,1,0,-1,104,96
98,0,8,9,95,87
98,0,7,8,96,89
98,0,6,7,97,89
98,0,5,6,98,90
98,0,4,5,99,92
98,0,3,4,101,93
98,0,2,3,100,93
98,0,1,2,103,96
98,0,0,1,102,96
98,0,0,-1,104,96
98,1,8,9,96,89
98,1,7,8,97,89
98,1,6,7,98,90
98,1,5,6,99,92
98,1,4,5,100,93
98,1,3,4,101,93
98,1,2,3,102,96
98,1,1,2,103,96
98,1,0,1,104,96
99,0,8,9,96,89
99,0,7,8,97,89
99,0,6,7,98,90
99,0,5,6,99,92
99,0,4,5,100,93
99,0,3,4,101,93
99,0,2,3,102,96
99,0,1,2,103,96
99,0,0,1,104,96
99,0,0,-1,105,99
99,0,-1,-2,106,99
99,1,8,9,97,89
99,1,7,8,98,90
99,1,6,7,99,92
99,1,5,6,101,93
99,1,4,5,100,93
99,1,3,4,102,96
99,1,2,3,103,96
99,1,1,2,104,96
99,1,0,1,105,99
99,1,0,-1,106,99
100,0,8,9,97,89
100,0,7,8,98,90
100,0,6,7,99,92
100,0,5,6,101,93
100,0,4,5,100,93
100,0,3,4,102,96
100,0,2,3,103,96
100,0,1,2,104,96
100,0,0,1,105,99
100,0,0,-1,106,99
100,1,8,9,98,90
100,1,7,8,99,92
100,1,6,7,101,93
100,1,5,6,100,93
100,1,4,5,103,96
100,1,3,4,102,96
100,1,2,3,104,96
100,1,1,2,105,99
100,1,0,1,106,99
101,0,8,9,98,90
101,0,7,8,99,92
101,0,6,7,101,93
101,0,5,6,100,93
101,0,4,5,103,96
101,0,3,4,102,96
101,0,2,3,104,96
101,0,1,2,105,99
101,0,0,1,106,99
101,0,0,-1,108,101
101,0,-1,-2,107,101
101,1,8,9,99,92
101,1,7,8,101,93
101,1,6,7,100,93
101,1,5,6,103,96
101,1,4,5,102,96
101,1,3,4,104,96
101,1,2,3,105,99
101,1,1,2,106,99
101,1,0,1,108,101
101,1,0,-1,107,101
102,0,8,9,99,92
102,0,7,8,101,93
102,0,6,7,100,93
102,0,5,6,103,96
102,0,4,5,102,96
102,0,3,4,104,96
102,0,2,3,105,99
102,0,1,2,106,99
102,0,0,1,108,101
102,0,0,-1,107,101
102,0,-1,-2,109,102
102,1,8,9,101,93
102,1,7,8,100,93
102,1,6,7,103,96
102,1,5,6,102,96
102,1,4,5,104,96
102,1,3,4,106,99
102,1,2,3,105,99
102,1,1,2,108,101
102,1,0,1,107,101
102,1,0,-1,109,102
103,0,8,9,101,93
103,0,7,8,100,93
103,0,6,7,103,96
103,0,5,6,102,96
103,0,4,5,104,96
103,0,3,4,106,99
103,0,2,3,105,99
103,0,1,2,108,101
103,0,0,1,107,101
103,0,0,-1,109,102
103,1,8,9,100,93
103,1,7,8,103,96
103,1,6,7,102,96
103,1,5,6,104,96
103,1,4,5,105,99
103,1,3,4,106,99
103,1,2,3,108,101
103,1,1,2,107,101
103,1,0,1,109,102
104,0,8,9,100,93
104,0,7,8,103,96
104,0,6,7,102,96
104,0,5,6,104,96
104,0,4,5,105,99
104,0,3,4,106,99
104,0,2,3,108,101
104,0,1,2,107,101
104,0,0,1,109,102
104,0,0,-1,110,104
104,1,8,9,103,96
104,1,7,8,102,96
104,1,6,7,104,96
104,1,5,6,105,99
104,1,4,5,106,99
104,1,3,4,107,101
104,1,2,3,108,101
104,1,1,2,109,102
104,1,0,1,110,104
105,0,8,9,103,96
105,0,7,8,102,96
105,0,6,7,104,96
105,0,5,6,105,99
105,0,4,5,106,99
105,0,3,4,107,101
105,0,2,3,108,101
105,0,1,2,109,102
105,0,0,1,110,104
105,0,0,-1,111,105
105,0,-1,-2,112,105
105,0,-2,-3,113,105
105,1,8,9,102,96
105,1,7,8,104,96
105,1,6,7,105,99
105,1,5,6,106,99
105,1,4,5,107,101
105,1,3,4,108,101
105,1,2,3,109,102
105,1,1,2,110,104
105,1,0,1,111,105
105,1,0,-1,113,105
105,1,-1,-2,112,105
106,0,8,9,102,96
106,0,7,8,104,96
106,0,6,7,105,99
106,0,5,6,106,99
106,0,4,5,107,101
106,0,3,4,108,101
106,0,2,3,109,102
106,0,1,2,110,104
106,0,0,1,111,105
106,0,0,-1,113,105
106,0,-1,-2,112,105
106,0,-2,-3,114,106
106,1,8,9,104,96
106,1,7,8,105,99
106,1,6,7,106,99
106,1,5,6,107,101
106,1,4,5,108,101
106,1,3,4,109,102
106,1,2,3,110,104
106,1,1,2,111,105
106,1,0,1,113,105
106,1,0,-1,112,105
106,1,-1,-2,114,106
107,0,8,9,104,96
107,0,7,8,105,99
107,0,6,7,106,99
107,0,5,6,107,101
107,0,4,5,108,101
107,0,3,4,109,102
107,0,2,3,110,104
107,0,1,2,111,105
107,0,0,1,113,105
107,0,0,-1,112,105
107,0,-1,-2,114,106
107,0,-2,-3,115,107
107,1,8,9,105,99
107,1,7,8,106,99
107,1,6,7,107,101
107,1,5,6,108,101
107,1,4,5,109,102
107,1,3,4,110,104
107,1,2,3,111,105
107,1,1,2,112,105
107,1,0,1,113,105
107,1,0,-1,114,106
107,1,-1,-2,115,107
108,0,8,9,105,99
108,0,7,8,106,99
108,0,6,7,107,101
108,0,5,6,108,101
108,0,4,5,109,102
108,0,3,4,110,104
108,0,2,3,111,105
108,0,1,2,112,105
108,0,0,1,113,105
108,0,0,-1,114,106
108,0,-1,-2,115,107
108,0,-2,-3,116,108
108,1,8,9,106,99
108,1,7,8,107,101
108,1,6,7,108,101
108,1,5,6,109,102
108,1,4,5,110,104
108,1,3,4,112,105
108,1,2,3,111,105
108,1,1,2,113,105
108,1,0,1,114,106
108,1,0,-1,115,107
108,1,-1,-2,116,108
109,0,8,9,106,99
109,0,7,8,107,101
109,0,6,7,108,101
109,0,5,6,109,102
109,0,4,5,110,104
109,0,3,4,112,105
109,0,2,3,111,105
109,0,1,2,113,105
109,0,0,1,114,106
109,0,0,-1,115,107
109,0,-1,-2,116,108
109,1,8,9,107,101
109,1,7,8,108,101
109,1,6,7,109,102
109,1,5,6,110,104
109,1,4,5,111,105
109,1,3,4,112,105
109,1,2,3,113,105
109,1,1,2,114,106
109,1,0,1,115,107
109,1,0,-1,116,108
110,0,8,9,107,101
110,0,7,8,108,101
110,0,6,7,109,102
110,0,5,6,110,104
110,0,4,5,111,105
110,0,3,4,112,105
110,0,2,3,113,105
110,0,1,2,114,106
110,0,0,1,115,107
110,0,0,-1,116,108
110,0,-1,-2,117,110
110,1,8,9,108,101
110,1,7,8,109,102
110,1,6,7,110,104
110,1,5,6,111,105
110,1,4,5,113,105
110,1,3,4,112,105
110,1,2,3,114,106
110,1,1,2,115,107
110,1,0,1,116,108
110,1,0,-1,117,110
111,0,8,9,108,101
111,0,7,8,109,102
111,0,6,7,110,104
111,0,5,6,111,105
111,0,4,5,113,105
111,0,3,4,112,105
111,0,2,3,114,106
111,0,1,2,115,107
111,0,0,1,116,108
111,0,0,-1,117,110
111,0,-1,-2,118,111
111,1,8,9,109,102
111,1,7,8,110,104
111,1,6,7,111,105
111,1,5,6,113,105
111,1,4,5,112,105
111,1,3,4,114,106
111,1,2,3,115,107
111,1,1,2,116,108
111,1,0,1,117,110
111,1,0,-1,118,111
112,0,8,9,109,102
112,0,7,8,110,104
112,0,6,7,111,105
112,0,5,6,113,105
112,0,4,5,112,105
112,0,3,4,114,106
112,0,2,3,115,107
112,0,1,2,116,108
112,0,0,1,117,110
112,0,0,-1,118,111
112,1,8,9,110,104
112,1,7,8,111,105
112,1,6,7,113,105
112,1,5,6,112,105
112,1,4,5,114,106
112,1,3,4,115,107
112,1,2,3,116,108
112,1,1,2,117,110
112,1,0,1,118,111
113,0,8,9,110,104
113,0,7,8,111,105
113,0,6,7,113,105
113,0,5,6,112,105
113,0,4,5,114,106
113,0,3,4,115,107
113,0,2,3,116,108
113,0,1,2,117,110
113,0,0,1,118,111
113,0,0,-1,119,113
113,1,8,9,111,105
113,1,7,8,113,105
113,1,6,7,112,105
113,1,5,6,114,106
113,1,4,5,115,107
113,1,3,4,116,108
113,1,2,3,117,110
113,1,1,2,118,111
113,1,0,1,119,113
114,0,8,9,111,105
114,0,7,8,113,105
114,0,6,7,112,105
114,0,5,6,114,106
114,0,4,5,115,107
114,0,3,4,116,108
114,0,2,3,117,110
114,0,1,2,118,111
114,0,0,1,119,113
114,1,8,9,113,105
114,1,7,8,112,105
114,1,6,7,114,106
114,1,5,6,115,107
114,1,4,5,116,108
114,1,3,4,117,110
114,1,2,3,118,111
114,1,1,2,119,113
114,1,0,1,-1,-1
115,0,8,9,113,105
115,0,7,8,112,105
115,0,6,7,114,106
115,0,5,6,115,107
115,0,4,5,116,108
115,0,3,4,117,110
115,0,2,3,118,111
115,0,1,2,119,113
115,0,0,1,121,115
115,0,0,-1,120,115
115,1,8,9,112,105
115,1,7,8,114,106
115,1,6,7,115,107
115,1,5,6,116,108
115,1,4,5,117,110
115,1,3,4,118,111
115,1,2,3,119,113
115,1,1,2,121,115
115,1,0,1,120,115
116,0,8,9,112,105
116,0,7,8,114,106
116,0,6,7,115,107
116,0,5,6,116,108
116,0,4,5,117,110
116,0,3,4,118,111
116,0,2,3,119,113
116,0,1,2,121,115
116,0,0,1,120,115
116,1,8,9,114,106
116,1,7,8,115,107
116,1,6,7,116,108
116,1,5,6,117,110
116,1,4,5,118,111
116,1,3,4,119,113
116,1,2,3,121,115
116,1,1,2,120,115
116,1,0,1,-1,-1
117,0,8,9,114,106
117,0,7,8,115,107
117,0,6,7,116,108
117,0,5,6,117,110
117,0,4,5,118,111
117,0,3,4,119,113
117,0,2,3,121,115
117,0,1,2,120,115
117,0,0,1,122,117
117,0,0,-1,123,117
117,1,8,9,115,107
117,1,7,8,116,108
117,1,6,7,117,110
117,1,5,6,118,111
117,1,4,5,119,113
117,1,3,4,120,115
117,1,2,3,121,115
117,1,1,2,122,117
117,1,0,1,123,117
118,0,8,9,115,107
118,0,7,8,116,108
118,0,6,7,117,110
118,0,5,6,118,111
118,0,4,5,119,113
118,0,3,4,120,115
118,0,2,3,121,115
118,0,1,2,122,117
118,0,0,1,123,117
118,0,0,-1,125,118
118,0,-1,-2,124,118
118,1,8,9,116,108
118,1,7,8,117,110
118,1,6,7,118,111
118,1,5,6,119,113
118,1,4,5,121,115
118,1,3,4,120,115
118,1,2,3,122,117
118,1,1,2,123,117
118,1,0,1,125,118
118,1,0,-1,124,118
119,0,8,9,116,108
119,0,7,8,117,110
119,0,6,7,118,111
119,0,5,6,119,113
119,0,4,5,121,115
119,0,3,4,120,115
119,0,2,3,122,117
119,0,1,2,123,117
119,0,0,1,125,118
119,0,0,-1,124,118
119,0,-1,-2,126,119
119,1,8,9,117,110
119,1,7,8,118,111
119,1,6,7,119,113
119,1,5,6,121,115
119,1,4,5,120,115
119,1,3,4,123,117
119,1,2,3,122,117
119,1,1,2,125,118
119,1,0,1,124,118
119,1,0,-1,126,119
120,0,8,9,117,110
120,0,7,8,118,111
120,0,6,7,119,113
120,0,5,6,121,115
120,0,4,5,120,115
120,0,3,4,123,117
120,0,2,3,122,117
120,0,1,2,125,118
120,0,0,1,124,118
120,0,0,-1,126,119
120,0,-1,-2,127,120
120,0,-2,-3,128,120
120,1,8,9,118,111
120,1,7,8,119,113
120,1,6,7,121,115
120,1,5,6,120,115
120,1,4,5,123,117
120,1,3,4,122,117
120,1,2,3,124,118
120,1,1,2,125,118
120,1,0,1,126,119
120,1,0,-1,127,120
120,1,-1,-2,128,120
121,0,8,9,118,111
121,0,7,8,119,113
121,0,6,7,121,115
121,0,5,6,120,115
121,0,4,5,123,117
121,0,3,4,122,117
121,0,2,3,124,118
121,0,1,2,125,118
121,0,0,1,126,119
121,0,0,-1,127,120
121,0,-1,-2,128,120
121,1,8,9,119,113
121,1,7,8,121,115
121,1,6,7,120,115
121,1,5,6,123,117
121,1,4,5,122,117
121,1,3,4,125,118
121,1,2,3,124,118
121,1,1,2,126,119
121,1,0,1,127,120
121,1,0,-1,128,120
122,0,8,9,119,113
122,0,7,8,121,115
122,0,6,7,120,115
122,0,5,6,123,117
122,0,4,5,122,117
122,0,3,4,125,118
122,0,2,3,124,118
122,0,1,2,126,119
122,0,0,1,127,120
122,0,0,-1,128,120
122,1,8,9,121,115
122,1,7,8,120,115
122,1,6,7,123,117
122,1,5,6,122,117
122,1,4,5,125,118
122,1,3,4,124,118
122,1,2,3,126,119
122,1,1,2,127,120
122,1,0,1,128,120
123,0,8,9,121,115
123,0,7,8,120,115
123,0,6,7,123,117
123,0,5,6,122,117
123,0,4,5,125,118
123,0,3,4,124,118
123,0,2,3,126,119
123,0,1,2,127,120
123,0,0,1,128,120
123,0,0,-1,131,123
123,0,-1,-2,129,123
123,0,-2,-3,130,123
123,1,8,9,120,115
123,1,7,8,123,117
123,1,6,7,122,117
123,1,5,6,125,118
123,1,4,5,124,118
123,1,3,4,126,119
123,1,2,3,127,120
123,1,1,2,128,120
123,1,0,1,131,123
123,1,0,-1,129,123
123,1,-1,-2,130,123
124,0,8,9,120,115
124,0,7,8,123,117
124,0,6,7,122,117
124,0,5,6,125,118
124,0,4,5,124,118
124,0,3,4,126,119
124,0,2,3,127,120
124,0,1,2,128,120
124,0,0,1,131,123
124,0,0,-1,129,123
124,0,-1,-2,130,123
124,1,8,9,123,117
124,1,7,8,122,117
124,1,6,7,125,118
124,1,5,6,124,118
124,1,4,5,126,119
124,1,3,4,127,120
124,1,2,3,128,120
124,1,1,2,131,123
124,1,0,1,129,123
124,1,0,-1,130,123
125,0,8,9,123,117
125,0,7,8,122,117
125,0,6,7,125,118
125,0,5,6,124,118
125,0,4,5,126,119
125,0,3,4,127,120
125,0,2,3,128,120
125,0,1,2,131,123
125,0,0,1,129,123
125,0,0,-1,130,123
125,0,-1,-2,133,125
125,0,-2,-3,132,125
125,1,8,9,122,117
125,1,7,8,125,118
125,1,6,7,124,118
125,1,5,6,126,119
125,1,4,5,127,120
125,1,3,4,128,120
125,1,2,3,131,123
125,1,1,2,130,123
125,1,0,1,129,123
125,1,0,-1,133,125
125,1,-1,-2,132,125
126,0,8,9,122,117
126,0,7,8,125,118
126,0,6,7,124,118
126,0,5,6,126,119
126,0,4,5,127,120
126,0,3,4,128,120
126,0,2,3,131,123
126,0,1,2,130,123
126,0,0,1,129,123
126,0,0,-1,133,125
126,0,-1,-2,132,125
126,1,8,9,125,118
126,1,7,8,124,118
126,1,6,7,126,119
126,1,5,6,127,120
126,1,4,5,128,120
126,1,3,4,131,123
126,1,2,3,130,123
126,1,1,2,129,123
126,1,0,1,133,125
126,1,0,-1,132,125
127,0,8,9,125,118
127,0,7,8,124,118
127,0,6,7,126,119
127,0,5,6,127,120
127,0,4,5,128,120
127,0,3,4,131,123
127,0,2,3,130,123
127,0,1,2,129,123
127,0,0,1,133,125
127,0,0,-1,132,125
127,0,-1,-2,135,127
127,0,-2,-3,134,127
127,1,8,9,124,118
127,1,7,8,126,119
127,1,6,7,127,120
127,1,5,6,128,120
127,1,4,5,131,123
127,1,3,4,129,123
127,1,2,3,130,123
127,1,1,2,132,125
127,1,0,1,133,125
127,1,0,-1,135,127
127,1,-1,-2,134,127
128,0,8,9,124,118
128,0,7,8,126,119
128,0,6,7,127,120
128,0,5,6,128,120
128,0,4,5,131,123
128,0,3,4,129,123
128,0,2,3,130,123
128,0,1,2,132,125
128,0,0,1,133,125
128,0,0,-1,135,127
128,0,-1,-2,134,127
128,0,-2,-3,136,128
128,1,8,9,126,119
128,1,7,8,127,120
128,1,6,7,128,120
128,1,5,6,131,123
128,1,4,5,129,123
128,1,3,4,130,123
128,1,2,3,132,125
128,1,1,2,133,125
128,1,0,1,135,127
128,1,0,-1,134,127
128,1,-1,-2,136,128
129,0,8,9,126,119
129,0,7,8,127,120
129,0,6,7,128,120
129,0,5,6,131,123
129,0,4,5,129,123
129,0,3,4,130,123
129,0,2,3,132,125
129,0,1,2,133,125
129,0,0,1,135,127
129,0,0,-1,134,127
129,0,-1,-2,136,128
129,0,-2,-3,137,129
129,1,8,9,127,120
129,1,7,8,128,120
129,1,6,7,131,123
129,1,5,6,129,123
129,1,4,5,130,123
129,1,3,4,132,125
129,1,2,3,133,125
129,1,1,2,135,127
129,1,0,1,134,127
129,1,0,-1,136,128
129,1,-1,-2,137,129
130,0,8,9,127,120
130,0,7,8,128,120
130,0,6,7,131,123
130,0,5,6,129,123
130,0,4,5,130,123
130,0,3,4,132,125
130,0,2,3,133,125
130,0,1,2,135,127
130,0,0,1,134,127
130,0,0,-1,136,128
130,0,-1,-2,137,129
130,0,-2,-3,138,130
130,1,8,9,128,120
130,1,7,8,131,123
130,1,6,7,129,123
130,1,5,6,130,123
130,1,4,5,133,125
130,1,3,4,132,125
130,1,2,3,135,127
130,1,1,2,134,127
130,1,0,1,136,128
130,1,0,-1,137,129
130,1,-1,-2,138,130
131,0,8,9,128,120
131,0,7,8,131,123
131,0,6,7,129,123
131,0,5,6,130,123
131,0,4,5,133,125
131,0,3,4,132,125
131,0,2,3,135,127
131,0,1,2,134,127
131,0,0,1,136,128
131,0,0,-1,137,129
131,0,-1,-2,138,130
131,1,8,9,131,123
131,1,7,8,129,123
131,1,6,7,130,123
131,1,5,6,133,125
131,1,4,5,132,125
131,1,3,4,135,127
131,1,2,3,134,127
131,1,1,2,136,128
131,1,0,1,137,129
131,1,0,-1,138,130
132,0,8,9,131,123
132,0,7,8,129,123
132,0,6,7,130,123
132,0,5,6,133,125
132,0,4,5,132,125
132,0,3,4,135,127
132,0,2,3,134,127
132,0,1,2,136,128
132,0,0,1,137,129
132,0,0,-1,138,130
132,0,-1,-2,139,132
132,1,8,9,129,123
132,1,7,8,130,123
132,1,6,7,133,125
132,1,5,6,132,125
132,1,4,5,135,127
132,1,3,4,134,127
132,1,2,3,136,128
132,1,1,2,137,129
132,1,0,1,138,130
132,1,0,-1,139,132
133,0,8,9,129,123
133,0,7,8,130,123
133,0,6,7,133,125
133,0,5,6,132,125
133,0,4,5,135,127
133,0,3,4,134,127
133,0,2,3,136,128
133,0,1,2,137,129
133,0,0,1,138,130
133,0,0,-1,139,132
133,0,-1,-2,140,133
133,0,-2,-3,141,133
133,1,8,9,130,123
133,1,7,8,133,125
133,1,6,7,132,125
133,1,5,6,135,127
133,1,4,5,134,127
133,1,3,4,136,128
133,1,2,3,137,129
133,1,1,2,138,130
133,1,0,1,139,132
133,1,0,-1,140,133
133,1,-1,-2,141,133
134,0,8,9,130,123
134,0,7,8,133,125
134,0,6,7,132,125
134,0,5,6,135,127
134,0,4,5,134,127
134,0,3,4,136,128
134,0,2,3,137,129
134,0,1,2,138,130
134,0,0,1,139,132
134,0,0,-1,140,133
134,0,-1,-2,141,133
134,1,8,9,133,125
134,1,7,8,132,125
134,1,6,7,135,127
134,1,5,6,134,127
134,1,4,5,136,128
134,1,3,4,137,129
134,1,2,3,138,130
134,1,1,2,139,132
134,1,0,1,140,133
134,1,0,-1,141,133
135,0,8,9,133,125
135,0,7,8,132,125
135,0,6,7,135,127
135,0,5,6,134,127
135,0,4,5,136,128
135,0,3,4,137,129
135,0,2,3,138,130
135,0,1,2,139,132
135,0,0,1,140,133
135,0,0,-1,141,133
135,0,-1,-2,142,135
135,1,8,9,132,125
135,1,7,8,135,127
135,1,6,7,134,127
135,1,5,6,136,128
135,1,4,5,137,129
135,1,3,4,138,130
135,1,2,3,139,132
135,1,1,2,140,133
135,1,0,1,141,133
135,1,0,-1,142,135
136,0,8,9,132,125
136,0,7,8,135,127
136,0,6,7,134,127
136,0,5,6,136,128
136,0,4,5,137,129
136,0,3,4,138,130
136,0,2,3,139,132
136,0,1,2,140,133
136,0,0,1,141,133
136,0,0,-1,142,135
136,0,-1,-2,143,136
136,1,8,9,135,127
136,1,7,8,134,127
136,1,6,7,136,128
136,1,5,6,137,129
136,1,4,5,138,130
136,1,3,4,139,132
136,1,2,3,140,133
136,1,1,2,141,133
136,1,0,1,142,135
136,1,0,-1,143,136
137,0,8,9,135,127
137,0,7,8,134,127
137,0,6,7,136,128
137,0,5,6,137,129
137,0,4,5,138,130
137,0,3,4,139,132
137,0,2,3,140,133
137,0,1,2,141,133
137,0,0,1,142,135
137,0,0,-1,143,136
137,1,8,9,134,127
137,1,7,8,136,128
137,1,6,7,137,129
137,1,5,6,138,130
137,1,4,5,139,132
137,1,3,4,140,133
137,1,2,3,141,133
137,1,1,2,142,135
137,1,0,1,143,136
138,0,8,9,134,127
138,0,7,8,136,128
138,0,6,7,137,129
138,0,5,6,138,130
138,0,4,5,139,132
138,0,3,4,140,133
138,0,2,3,141,133
138,0,1,2,142,135
138,0,0,1,143,136
138,0,0,-1,146,138
138,0,-1,-2,145,138
138,0,-2,-3,144,138
138,1,8,9,136,128
138,1,7,8,137,129
138,1,6,7,138,130
138,1,5,6,139,132
138,1,4,5,140,133
138,1,3,4,141,133
138,1,2,3,142,135
138,1,1,2,143,136
138,1,0,1,146,138
138,1,0,-1,145,138
138,1,-1,-2,144,138
139,0,8,9,136,128
139,0,7,8,137,129
139,0,6,7,138,130
139,0,5,6,139,132
139,0,4,5,140,133
139,0,3,4,141,133
139,0,2,3,142,135
139,0,1,2,143,136
139,0,0,1,146,138
139,0,0,-1,145,138
139,0,-1,-2,144,138
139,1,8,9,137,129
139,1,7,8,138,130
139,1,6,7,139,132
139,1,5,6,140,133
139,1,4,5,141,133
139,1,3,4,142,135
139,1,2,3,143,136
139,1,1,2,146,138
139,1,0,1,145,138
139,1,0,-1,144,138
140,0,8,9,137,129
140,0,7,8,138,130
140,0,6,7,139,132
140,0,5,6,140,133
140,0,4,5,141,133
140,0,3,4,142,135
140,0,2,3,143,136
140,0,1,2,146,138
140,0,0,1,145,138
140,0,0,-1,144,138
140,1,8,9,138,130
140,1,7,8,139,132
140,1,6,7,140,133
140,1,5,6,141,133
140,1,4,5,142,135
140,1,3,4,143,136
140,1,2,3,146,138
140,1,1,2,144,138
140,1,0,1,145,138
141,0,8,9,138,130
141,0,7,8,139,132
141,0,6,7,140,133
141,0,5,6,141,133
141,0,4,5,142,135
141,0,3,4,143,136
141,0,2,3,146,138
141,0,1,2,144,138
141,0,0,1,145,138
141,0,0,-1,147,141
141,1,8,9,139,132
141,1,7,8,140,133
141,1,6,7,141,133
141,1,5,6,142,135
141,1,4,5,143,136
141,1,3,4,145,138
141,1,2,3,146,138
141,1,1,2,144,138
141,1,0,1,147,141
142,0,8,9,139,132
142,0,7,8,140,133
142,0,6,7,141,133
142,0,5,6,142,135
142,0,4,5,143,136
142,0,3,4,145,138
142,0,2,3,146,138
142,0,1,2,144,138
142,0,0,1,147,141
142,0,0,-1,148,142
142,0,-1,-2,149,142
142,0,-2,-3,150,142
142,1,8,9,140,133
142,1,7,8,141,133
142,1,6,7,142,135
142,1,5,6,143,136
142,1,4,5,146,138
142,1,3,4,145,138
142,1,2,3,144,138
142,1,1,2,147,141
142,1,0,1,148,142
142,1,0,-1,149,142
142,1,-1,-2,150,142
143,0,8,9,140,133
143,0,7,8,141,133
143,0,6,7,142,135
143,0,5,6,143,136
143,0,4,5,146,138
143,0,3,4,145,138
143,0,2,3,144,138
143,0,1,2,147,141
143,0,0,1,148,142
143,0,0,-1,149,142
143,0,-1,-2,150,142
143,1,8,9,141,133
143,1,7,8,142,135
143,1,6,7,143,136
143,1,5,6,146,138
143,1,4,5,145,138
143,1,3,4,144,138
143,1,2,3,147,141
143,1,1,2,148,142
143,1,0,1,149,142
143,1,0,-1,150,142
144,0,8,9,141,133
144,0,7,8,142,135
144,0,6,7,143,136
144,0,5,6,146,138
144,0,4,5,145,138
144,0,3,4,144,138
144,0,2,3,147,141
144,0,1,2,148,142
144,0,0,1,149,142
144,0,0,-1,150,142
144,0,-1,-2,151,144
144,1,8,9,142,135
144,1,7,8,143,136
144,1,6,7,146,138
144,1,5,6,145,138
144,1,4,5,144,138
144,1,3,4,147,141
144,1,2,3,148,142
144,1,1,2,149,142
144,1,0,1,150,142
144,1,0,-1,151,144
145,0,8,9,142,135
145,0,7,8,143,136
145,0,6,7,146,138
145,0,5,6,145,138
145,0,4,5,144,138
145,0,3,4,147,141
145,0,2,3,148,142
145,0,1,2,149,142
145,0,0,1,150,142
145,0,0,-1,151,144
145,1,8,9,143,136
145,1,7,8,146,138
145,1,6,7,145,138
145,1,5,6,144,138
145,1,4,5,147,141
145,1,3,4,148,142
145,1,2,3,150,142
145,1,1,2,149,142
145,1,0,1,151,144
146,0,8,9,143,136
146,0,7,8,146,138
146,0,6,7,145,138
146,0,5,6,144,138
146,0,4,5,147,141
146,0,3,4,148,142
146,0,2,3,150,142
146,0,1,2,149,142
146,0,0,1,151,144
146,0,0,-1,152,146
146,1,8,9,146,138
146,1,7,8,145,138
146,1,6,7,144,138
146,1,5,6,147,141
146,1,4,5,148,142
146,1,3,4,150,142
146,1,2,3,149,142
146,1,1,2,151,144
146,1,0,1,152,146
147,0,8,9,146,138
147,0,7,8,145,138
147,0,6,7,144,138
147,0,5,6,147,141
147,0,4,5,148,142
147,0,3,4,150,142
147,0,2,3,149,142
147,0,1,2,151,144
147,0,0,1,152,146
147,1,8,9,145,138
147,1,7,8,144,138
147,1,6,7,147,141
147,1,5,6,148,142
147,1,4,5,149,142
147,1,3,4,150,142
147,1,2,3,151,144
147,1,1,2,152,146
147,1,0,1,-1,-1
148,0,8,9,145,138
148,0,7,8,144,138
148,0,6,7,147,141
148,0,5,6,148,142
148,0,4,5,149,142
148,0,3,4,150,142
148,0,2,3,151,144
148,0,1,2,152,146
148,0,0,1,154,148
148,0,0,-1,153,148
148,1,8,9,144,138
148,1,7,8,147,141
148,1,6,7,148,142
148,1,5,6,149,142
148,1,4,5,150,142
148,1,3,4,151,144
148,1,2,3,152,146
148,1,1,2,154,148
148,1,0,1,153,148
149,0,8,9,144,138
149,0,7,8,147,141
149,0,6,7,148,142
149,0,5,6,149,142
149,0,4,5,150,142
149,0,3,4,151,144
149,0,2,3,152,146
149,0,1,2,154,148
149,0,0,1,153,148
149,0,0,-1,155,149
149,1,8,9,147,141
149,1,7,8,148,142
149,1,6,7,149,142
149,1,5,6,150,142
149,1,4,5,151,144
149,1,3,4,152,146
149,1,2,3,154,148
149,1,1,2,153,148
149,1,0,1,155,149
150,0,8,9,147,141
150,0,7,8,148,142
150,0,6,7,149,142
150,0,5,6,150,142
150,0,4,5,151,144
150,0,3,4,152,146
150,0,2,3,154,148
150,0,1,2,153,148
150,0,0,1,155,149
150,0,0,-1,158,150
150,0,-1,-2,156,150
150,0,-2,-3,157,150
150,1,8,9,148,142
150,1,7,8,149,142
150,1,6,7,150,142
150,1,5,6,151,144
150,1,4,5,152,146
150,1,3,4,154,148
150,1,2,3,153,148
150,1,1,2,155,149
150,1,0,1,158,150
150,1,0,-1,156,150
150,1,-1,-2,157,150

